;id;capital;date creation;forme juridique;nombre etabl;page;siret;url
0;0;8 000;09/2012;Société à responsabilité limitée (sans autre indication);1;0;75394163200014;http://www.bilansgratuits.fr/entreprise/fiche/75394163200014.htm
1;1;152 449,02;03/1985;Société à responsabilité limitée (sans autre indication);1;1;33204999800013;http://www.bilansgratuits.fr/entreprise/fiche/33204999800013.htm
2;2;7 622,45;05/1993;Société à responsabilité limitée (sans autre indication);2;2;39103611800019;http://www.bilansgratuits.fr/entreprise/fiche/39103611800019.htm
3;3;7 000;08/2005;Société à responsabilité limitée (sans autre indication);1;3;48413896100012;http://www.bilansgratuits.fr/entreprise/fiche/48413896100012.htm
4;4;8 000;04/2010;Société à responsabilité limitée (sans autre indication);1;4;52182971300010;http://www.bilansgratuits.fr/entreprise/fiche/52182971300010.htm
5;5;100 000;09/2014;Société par actions simplifiées associé unique ou société par actions simplifiées unipersonnelle;1;5;80436719100017;http://www.bilansgratuits.fr/entreprise/fiche/80436719100017.htm
6;6;8 000;09/2005;Société à responsabilité limitée (sans autre indication);1;6;48396242900013;http://www.bilansgratuits.fr/entreprise/fiche/48396242900013.htm
7;7;40 500;01/2006;Société à responsabilité limitée (sans autre indication);1;7;48812817400023;http://www.bilansgratuits.fr/entreprise/fiche/48812817400023.htm
8;8;8 000;07/2006;Société à responsabilité limitée (sans autre indication);1;8;49166806700011;http://www.bilansgratuits.fr/entreprise/fiche/49166806700011.htm
9;9;15 000;04/2008;Société à responsabilité limitée (sans autre indication);1;9;50401590000021;http://www.bilansgratuits.fr/entreprise/fiche/50401590000021.htm
10;10;8 000;01/2006;Société par actions simplifiées associé unique ou société par actions simplifiées unipersonnelle;1;10;48839575700013;http://www.bilansgratuits.fr/entreprise/fiche/48839575700013.htm
11;11;7 500;03/2006;Société à responsabilité limitée (sans autre indication);1;11;48945565900016;http://www.bilansgratuits.fr/entreprise/fiche/48945565900016.htm
12;12;0.0;03/1989;Commerçant;1;12;35039454000024;http://www.bilansgratuits.fr/entreprise/fiche/35039454000024.htm
13;13;1 200;01/2008;Société à responsabilité limitée (sans autre indication);2;13;50096289900018;http://www.bilansgratuits.fr/entreprise/fiche/50096289900018.htm
14;14;243 918,44;07/1998;Société à responsabilité limitée (sans autre indication);1;14;41840637700014;http://www.bilansgratuits.fr/entreprise/fiche/41840637700014.htm
15;15;8 000;07/2009;Société à responsabilité limitée (sans autre indication);1;15;51350822600018;http://www.bilansgratuits.fr/entreprise/fiche/51350822600018.htm
16;16;7 500;09/2002;Société à responsabilité limitée (sans autre indication);1;16;44355003300015;http://www.bilansgratuits.fr/entreprise/fiche/44355003300015.htm
17;17;225 000;01/2012;Société par actions simplifiée (SAS);1;17;53957805400022;http://www.bilansgratuits.fr/entreprise/fiche/53957805400022.htm
18;18;8 000;04/2015;Société à responsabilité limitée (sans autre indication);1;18;81115799900012;http://www.bilansgratuits.fr/entreprise/fiche/81115799900012.htm
19;19;1 000;05/2010;Société à responsabilité limitée (sans autre indication);1;19;52300519700018;http://www.bilansgratuits.fr/entreprise/fiche/52300519700018.htm
20;20;8 000;09/2010;Société à responsabilité limitée (sans autre indication);1;20;52423513200015;http://www.bilansgratuits.fr/entreprise/fiche/52423513200015.htm
21;21;10 200;12/2013;Société à responsabilité limitée (sans autre indication);1;21;79757796200013;http://www.bilansgratuits.fr/entreprise/fiche/79757796200013.htm
22;22;8 000;01/2001;Société à responsabilité limitée (sans autre indication);1;22;43409873700027;http://www.bilansgratuits.fr/entreprise/fiche/43409873700027.htm
23;23;0.0;05/2001;Société créée de fait entre personnes physiques;1;23;43781890900016;http://www.bilansgratuits.fr/entreprise/fiche/43781890900016.htm
24;24;89 060 000;02/2003;Société par actions simplifiées associé unique ou société par actions simplifiées unipersonnelle;78;24;44533010300042;http://www.bilansgratuits.fr/entreprise/fiche/44533010300042.htm
25;25;8 000;08/2004;Société à responsabilité limitée (sans autre indication);1;25;47837388900011;http://www.bilansgratuits.fr/entreprise/fiche/47837388900011.htm
26;26;8 000;04/2008;Société par actions simplifiée (SAS);1;26;50322699500010;http://www.bilansgratuits.fr/entreprise/fiche/50322699500010.htm
27;27;7 622,45;01/1973;Société à responsabilité limitée (sans autre indication);1;27;30430551900015;http://www.bilansgratuits.fr/entreprise/fiche/30430551900015.htm
28;28;8 000;07/2014;Société par actions simplifiées associé unique ou société par actions simplifiées unipersonnelle;1;28;80332494600018;http://www.bilansgratuits.fr/entreprise/fiche/80332494600018.htm
29;29;1 600;11/2003;Société à responsabilité limitée (sans autre indication);1;29;45096515700016;http://www.bilansgratuits.fr/entreprise/fiche/45096515700016.htm
30;30;10 000;12/2011;Société en nom collectif;1;30;53869125400014;http://www.bilansgratuits.fr/entreprise/fiche/53869125400014.htm
31;31;988 125;01/1955;Société par actions simplifiée (SAS);3;31;55211316900015;http://www.bilansgratuits.fr/entreprise/fiche/55211316900015.htm
32;32;8 000;04/2012;Société à responsabilité limitée (sans autre indication);1;32;75105574000011;http://www.bilansgratuits.fr/entreprise/fiche/75105574000011.htm
33;33;10 000;10/2012;Société en nom collectif;1;33;78926670700023;http://www.bilansgratuits.fr/entreprise/fiche/78926670700023.htm
34;34;30 000;11/2014;Société à responsabilité limitée (sans autre indication);1;34;80797279900017;http://www.bilansgratuits.fr/entreprise/fiche/80797279900017.htm
35;35;7 622,45;10/1998;Société à responsabilité limitée (sans autre indication);1;35;42070464500019;http://www.bilansgratuits.fr/entreprise/fiche/42070464500019.htm
36;36;4 350 000;01/1979;Autre SA à conseil d'administration;33;36;31757671800793;http://www.bilansgratuits.fr/entreprise/fiche/31757671800793.htm
37;37;38 112;03/1986;Société à responsabilité limitée (sans autre indication);1;37;33525917200013;http://www.bilansgratuits.fr/entreprise/fiche/33525917200013.htm
38;38;7 622,45;04/1987;Société à responsabilité limitée (sans autre indication);1;38;34091505700012;http://www.bilansgratuits.fr/entreprise/fiche/34091505700012.htm
39;39;0.0;08/1988;Commerçant;1;39;34778888700037;http://www.bilansgratuits.fr/entreprise/fiche/34778888700037.htm
40;40;0.0;03/1995;Commerçant;1;40;40004610800033;http://www.bilansgratuits.fr/entreprise/fiche/40004610800033.htm
41;41;38 000;09/2001;Société par actions simplifiées associé unique ou société par actions simplifiées unipersonnelle;1;41;43893208900016;http://www.bilansgratuits.fr/entreprise/fiche/43893208900016.htm
42;42;8 000;05/2002;Société à responsabilité limitée (sans autre indication);1;42;44208720100012;http://www.bilansgratuits.fr/entreprise/fiche/44208720100012.htm
43;43;7 000;04/2004;Société à responsabilité limitée (sans autre indication);1;43;45328056200019;http://www.bilansgratuits.fr/entreprise/fiche/45328056200019.htm
44;44;7 622;10/2004;SARL unipersonnelle;1;44;47957359400013;http://www.bilansgratuits.fr/entreprise/fiche/47957359400013.htm
45;45;10 000;03/2005;Société à responsabilité limitée (sans autre indication);1;45;48189755100018;http://www.bilansgratuits.fr/entreprise/fiche/48189755100018.htm
46;46;7 500;06/2005;Société à responsabilité limitée (sans autre indication);2;46;48284532800012;http://www.bilansgratuits.fr/entreprise/fiche/48284532800012.htm
47;47;800;05/2006;Société à responsabilité limitée (sans autre indication);1;47;49017727600014;http://www.bilansgratuits.fr/entreprise/fiche/49017727600014.htm
48;48;8 000;12/2007;Société à responsabilité limitée (sans autre indication);1;48;50161903500014;http://www.bilansgratuits.fr/entreprise/fiche/50161903500014.htm
49;49;40 000;03/2008;Société à responsabilité limitée (sans autre indication);1;49;50338385300010;http://www.bilansgratuits.fr/entreprise/fiche/50338385300010.htm
50;50;8 000;04/2008;Société à responsabilité limitée (sans autre indication);1;50;50361026300017;http://www.bilansgratuits.fr/entreprise/fiche/50361026300017.htm
51;51;40 000;03/2009;SARL unipersonnelle;1;51;51106471900012;http://www.bilansgratuits.fr/entreprise/fiche/51106471900012.htm
52;52;7 500;04/2009;Société à responsabilité limitée (sans autre indication);1;52;51118105900011;http://www.bilansgratuits.fr/entreprise/fiche/51118105900011.htm
53;53;8 000;04/2009;Société à responsabilité limitée (sans autre indication);1;53;51196618600021;http://www.bilansgratuits.fr/entreprise/fiche/51196618600021.htm
54;54;0.0;05/2009;Commerçant;1;54;51343373000019;http://www.bilansgratuits.fr/entreprise/fiche/51343373000019.htm
55;55;8 000;02/2010;Société à responsabilité limitée (sans autre indication);1;55;52023629000018;http://www.bilansgratuits.fr/entreprise/fiche/52023629000018.htm
56;56;15 000;02/2010;Société en nom collectif;1;56;52028192400016;http://www.bilansgratuits.fr/entreprise/fiche/52028192400016.htm
57;57;3 000;03/2010;Société à responsabilité limitée (sans autre indication);1;57;52082526600015;http://www.bilansgratuits.fr/entreprise/fiche/52082526600015.htm
58;58;8 000;03/2010;Société à responsabilité limitée (sans autre indication);1;58;52115743800016;http://www.bilansgratuits.fr/entreprise/fiche/52115743800016.htm
59;59;60 000;06/2011;Société à responsabilité limitée (sans autre indication);1;59;53323055300018;http://www.bilansgratuits.fr/entreprise/fiche/53323055300018.htm
60;60;1 000;09/2011;SARL unipersonnelle;2;60;53432340700021;http://www.bilansgratuits.fr/entreprise/fiche/53432340700021.htm
61;61;3 500;12/2011;SARL unipersonnelle;1;61;53775043200016;http://www.bilansgratuits.fr/entreprise/fiche/53775043200016.htm
62;62;18 060 980;11/1981;Société en nom collectif;919;62;54209533614881;http://www.bilansgratuits.fr/entreprise/fiche/54209533614881.htm
63;63;100;08/2012;Société à responsabilité limitée (sans autre indication);1;63;75333052100018;http://www.bilansgratuits.fr/entreprise/fiche/75333052100018.htm
64;64;270 000;10/2012;SARL unipersonnelle;1;64;78898321100012;http://www.bilansgratuits.fr/entreprise/fiche/78898321100012.htm
65;65;7 500;04/2013;Société par actions simplifiée (SAS);1;65;79244661900019;http://www.bilansgratuits.fr/entreprise/fiche/79244661900019.htm
66;66;50 000;05/2013;Société par actions simplifiée (SAS);1;66;79296363900010;http://www.bilansgratuits.fr/entreprise/fiche/79296363900010.htm
67;67;1 000;06/2013;Société à responsabilité limitée (sans autre indication);1;67;79394210300029;http://www.bilansgratuits.fr/entreprise/fiche/79394210300029.htm
68;68;8 000;07/2013;Société à responsabilité limitée (sans autre indication);1;68;79443261700015;http://www.bilansgratuits.fr/entreprise/fiche/79443261700015.htm
69;69;10 000;07/2013;Société à responsabilité limitée (sans autre indication);1;69;79463069900013;http://www.bilansgratuits.fr/entreprise/fiche/79463069900013.htm
70;70;8 000;11/2013;Société à responsabilité limitée (sans autre indication);1;70;79870800400014;http://www.bilansgratuits.fr/entreprise/fiche/79870800400014.htm
71;71;400;01/2014;Société par actions simplifiée (SAS);1;71;79971806900013;http://www.bilansgratuits.fr/entreprise/fiche/79971806900013.htm
72;72;50 000;02/2014;Société à responsabilité limitée (sans autre indication);3;72;80015495700032;http://www.bilansgratuits.fr/entreprise/fiche/80015495700032.htm
73;73;10 000;04/2014;SARL unipersonnelle;1;73;80142654500019;http://www.bilansgratuits.fr/entreprise/fiche/80142654500019.htm
74;74;6 000;05/2014;Société à responsabilité limitée (sans autre indication);1;74;80172667000012;http://www.bilansgratuits.fr/entreprise/fiche/80172667000012.htm
75;75;0.0;05/2014;Artisan Commerçant;2;75;80189019500028;http://www.bilansgratuits.fr/entreprise/fiche/80189019500028.htm
76;76;110 000;06/2014;Société par actions simplifiée (SAS);1;76;80318583400014;http://www.bilansgratuits.fr/entreprise/fiche/80318583400014.htm
77;77;1 000;07/2014;Société à responsabilité limitée (sans autre indication);1;77;80367581800014;http://www.bilansgratuits.fr/entreprise/fiche/80367581800014.htm
78;78;20 000;11/2014;Société par actions simplifiée (SAS);1;78;80780359800018;http://www.bilansgratuits.fr/entreprise/fiche/80780359800018.htm
79;79;6 000;12/2014;SARL unipersonnelle;1;79;80849880200012;http://www.bilansgratuits.fr/entreprise/fiche/80849880200012.htm
80;80;2 000;01/2015;Société à responsabilité limitée (sans autre indication);1;80;80886592700012;http://www.bilansgratuits.fr/entreprise/fiche/80886592700012.htm
81;81;10 000;07/2015;Société à responsabilité limitée (sans autre indication);1;81;81265963900015;http://www.bilansgratuits.fr/entreprise/fiche/81265963900015.htm
82;82;0.0;11/2015;Commerçant;1;82;81488252800015;http://www.bilansgratuits.fr/entreprise/fiche/81488252800015.htm
83;83;7 623;10/1981;Société par actions simplifiée (SAS);1;83;32328823300022;http://www.bilansgratuits.fr/entreprise/fiche/32328823300022.htm
84;84;35 000;02/1990;Société à responsabilité limitée (sans autre indication);1;84;37855594000014;http://www.bilansgratuits.fr/entreprise/fiche/37855594000014.htm
85;85;7 000;12/2007;Société à responsabilité limitée (sans autre indication);1;85;50214585700012;http://www.bilansgratuits.fr/entreprise/fiche/50214585700012.htm
86;86;10 000;09/2011;Société à responsabilité limitée (sans autre indication);1;86;53456908200025;http://www.bilansgratuits.fr/entreprise/fiche/53456908200025.htm
87;87;1 000;10/2015;Société par actions simplifiées associé unique ou société par actions simplifiées unipersonnelle;1;87;81400947800011;http://www.bilansgratuits.fr/entreprise/fiche/81400947800011.htm
88;88;0.0;01/1990;Commerçant;1;88;35385818600037;http://www.bilansgratuits.fr/entreprise/fiche/35385818600037.htm
89;89;0.0;12/1980;Commerçant;1;89;32069105800012;http://www.bilansgratuits.fr/entreprise/fiche/32069105800012.htm
90;90;50 000;08/2010;Société par actions simplifiée (SAS);2;90;52431510800018;http://www.bilansgratuits.fr/entreprise/fiche/52431510800018.htm
91;91;0.0;10/1994;Commerçant;1;91;39859710400015;http://www.bilansgratuits.fr/entreprise/fiche/39859710400015.htm
92;92;8 000;05/2008;Société à responsabilité limitée (sans autre indication);1;92;50452146900016;http://www.bilansgratuits.fr/entreprise/fiche/50452146900016.htm
93;93;15 000;02/2010;Société à responsabilité limitée (sans autre indication);1;93;53000775600022;http://www.bilansgratuits.fr/entreprise/fiche/53000775600022.htm
94;94;42 714;01/1956;Société par actions simplifiées associé unique ou société par actions simplifiées unipersonnelle;6;94;56206937700223;http://www.bilansgratuits.fr/entreprise/fiche/56206937700223.htm
95;95;7 500;10/2014;Société par actions simplifiées associé unique ou société par actions simplifiées unipersonnelle;1;95;80467683100014;http://www.bilansgratuits.fr/entreprise/fiche/80467683100014.htm
96;96;5 000;11/2014;Société à responsabilité limitée (sans autre indication);1;96;80739320200013;http://www.bilansgratuits.fr/entreprise/fiche/80739320200013.htm
97;97;0.0;02/2015;Société à responsabilité limitée (sans autre indication);1;97;80960888800016;http://www.bilansgratuits.fr/entreprise/fiche/80960888800016.htm
98;98;2 000;06/2015;Société par actions simplifiée (SAS);1;98;81184235000019;http://www.bilansgratuits.fr/entreprise/fiche/81184235000019.htm
99;99;0.0;05/1992;(Autre) personne physique;1;99;38819040700030;http://www.bilansgratuits.fr/entreprise/fiche/38819040700030.htm
100;100;10 000;04/2007;Société à responsabilité limitée (sans autre indication);2;100;49762103700017;http://www.bilansgratuits.fr/entreprise/fiche/49762103700017.htm
101;101;1 000;11/2013;Société à responsabilité limitée (sans autre indication);1;101;79856674100012;http://www.bilansgratuits.fr/entreprise/fiche/79856674100012.htm
102;102;8 000;10/2007;Société à responsabilité limitée (sans autre indication);1;102;50094266900010;http://www.bilansgratuits.fr/entreprise/fiche/50094266900010.htm
103;103;7 000;12/2009;Société à responsabilité limitée (sans autre indication);1;103;51925891700011;http://www.bilansgratuits.fr/entreprise/fiche/51925891700011.htm
104;104;3 000;07/2010;Société à responsabilité limitée (sans autre indication);1;104;52405615700018;http://www.bilansgratuits.fr/entreprise/fiche/52405615700018.htm
105;105;7 700;03/2002;Société par actions simplifiée (SAS);1;105;44138751100013;http://www.bilansgratuits.fr/entreprise/fiche/44138751100013.htm
106;106;7 622;12/1999;Société à responsabilité limitée (sans autre indication);1;106;42856120300012;http://www.bilansgratuits.fr/entreprise/fiche/42856120300012.htm
107;107;2 000;06/2011;Société à responsabilité limitée (sans autre indication);1;107;53328032700016;http://www.bilansgratuits.fr/entreprise/fiche/53328032700016.htm
108;108;8 000;04/2006;Société à responsabilité limitée (sans autre indication);1;108;48942367300024;http://www.bilansgratuits.fr/entreprise/fiche/48942367300024.htm
109;109;5 000;08/2007;Société à responsabilité limitée (sans autre indication);2;109;49895830500019;http://www.bilansgratuits.fr/entreprise/fiche/49895830500019.htm
110;110;6 000;06/2008;Société à responsabilité limitée (sans autre indication);1;110;50499543200011;http://www.bilansgratuits.fr/entreprise/fiche/50499543200011.htm
111;111;3 000;09/2010;SARL unipersonnelle;1;111;52478848600016;http://www.bilansgratuits.fr/entreprise/fiche/52478848600016.htm
112;112;40 000;06/1981;Société par actions simplifiée (SAS);1;112;32212075900020;http://www.bilansgratuits.fr/entreprise/fiche/32212075900020.htm
113;113;5 000;09/2013;Société à responsabilité limitée (sans autre indication);1;113;79521713200013;http://www.bilansgratuits.fr/entreprise/fiche/79521713200013.htm
114;114;8 000;12/2013;Société à responsabilité limitée (sans autre indication);2;114;79935206700018;http://www.bilansgratuits.fr/entreprise/fiche/79935206700018.htm
115;115;0.0;04/2006;Commerçant;1;115;49059215100016;http://www.bilansgratuits.fr/entreprise/fiche/49059215100016.htm
116;116;2 400;01/1958;Société en nom collectif;1;116;58203353600019;http://www.bilansgratuits.fr/entreprise/fiche/58203353600019.htm
117;117;7 622;01/1964;Société en nom collectif;1;117;64201885700010;http://www.bilansgratuits.fr/entreprise/fiche/64201885700010.htm
118;118;8 000;08/2013;Société à responsabilité limitée (sans autre indication);1;118;79453137600018;http://www.bilansgratuits.fr/entreprise/fiche/79453137600018.htm
119;119;10 000;04/2011;Société par actions simplifiée (SAS);1;119;75096301900013;http://www.bilansgratuits.fr/entreprise/fiche/75096301900013.htm
120;120;250 000;12/2011;Société à responsabilité limitée (sans autre indication);2;120;53897884200036;http://www.bilansgratuits.fr/entreprise/fiche/53897884200036.htm
121;121;1 000;02/2014;Société à responsabilité limitée (sans autre indication);1;121;80025286800016;http://www.bilansgratuits.fr/entreprise/fiche/80025286800016.htm
122;122;0.0;03/1983;Organisme consulaire;8;122;18840001400042;http://www.bilansgratuits.fr/entreprise/fiche/18840001400042.htm
123;123;0.0;09/1984;Commerçant;1;123;33059533100019;http://www.bilansgratuits.fr/entreprise/fiche/33059533100019.htm
124;124;15 244,9;02/1986;Société à responsabilité limitée (sans autre indication);2;124;33487524200045;http://www.bilansgratuits.fr/entreprise/fiche/33487524200045.htm
125;125;100 000;09/1989;Société à responsabilité limitée (sans autre indication);1;125;35235251200011;http://www.bilansgratuits.fr/entreprise/fiche/35235251200011.htm
126;126;0.0;03/1990;Commerçant;1;126;37763996800025;http://www.bilansgratuits.fr/entreprise/fiche/37763996800025.htm
127;127;134 104 384;01/1991;Société par actions simplifiée (SAS);178;127;38074487000243;http://www.bilansgratuits.fr/entreprise/fiche/38074487000243.htm
128;128;0.0;01/1992;Commerçant;1;128;38442402400014;http://www.bilansgratuits.fr/entreprise/fiche/38442402400014.htm
129;129;22 867;04/1993;Société à responsabilité limitée (sans autre indication);1;129;39070065600015;http://www.bilansgratuits.fr/entreprise/fiche/39070065600015.htm
130;130;0.0;04/1995;Commerçant;1;130;40033134400020;http://www.bilansgratuits.fr/entreprise/fiche/40033134400020.htm
131;131;7 622,45;10/1996;Société à responsabilité limitée (sans autre indication);1;131;40947151300013;http://www.bilansgratuits.fr/entreprise/fiche/40947151300013.htm
132;132;8 550;01/2001;Société à responsabilité limitée (sans autre indication);1;132;43439089400039;http://www.bilansgratuits.fr/entreprise/fiche/43439089400039.htm
133;133;200 000;03/2001;Société à responsabilité limitée (sans autre indication);1;133;43517766200010;http://www.bilansgratuits.fr/entreprise/fiche/43517766200010.htm
134;134;8 000;03/2002;Société à responsabilité limitée (sans autre indication);1;134;44135337200010;http://www.bilansgratuits.fr/entreprise/fiche/44135337200010.htm
135;135;0.0;01/2006;Commerçant;1;135;48800304700013;http://www.bilansgratuits.fr/entreprise/fiche/48800304700013.htm
136;136;6 000;09/2006;Société à responsabilité limitée (sans autre indication);1;136;49186634900013;http://www.bilansgratuits.fr/entreprise/fiche/49186634900013.htm
137;137;40 000;01/2008;Société à responsabilité limitée (sans autre indication);1;137;50218627300012;http://www.bilansgratuits.fr/entreprise/fiche/50218627300012.htm
138;138;23 000;03/2009;Société à responsabilité limitée (sans autre indication);2;138;51113598000023;http://www.bilansgratuits.fr/entreprise/fiche/51113598000023.htm
139;139;0.0;05/2010;Commerçant;1;139;52187644100036;http://www.bilansgratuits.fr/entreprise/fiche/52187644100036.htm
140;140;1 000;08/2010;SARL unipersonnelle;1;140;52429362800011;http://www.bilansgratuits.fr/entreprise/fiche/52429362800011.htm
141;141;10 000;12/2010;Société à responsabilité limitée (sans autre indication);1;141;52894250100016;http://www.bilansgratuits.fr/entreprise/fiche/52894250100016.htm
142;142;1 500;11/2010;Société à responsabilité limitée (sans autre indication);1;142;52905706900047;http://www.bilansgratuits.fr/entreprise/fiche/52905706900047.htm
143;143;5 000;12/2010;Société à responsabilité limitée (sans autre indication);1;143;52913965100010;http://www.bilansgratuits.fr/entreprise/fiche/52913965100010.htm
144;144;0.0;01/2011;Commerçant;1;144;53134991800015;http://www.bilansgratuits.fr/entreprise/fiche/53134991800015.htm
145;145;8 000;03/2011;Société à responsabilité limitée (sans autre indication);8;145;53174967900019;http://www.bilansgratuits.fr/entreprise/fiche/53174967900019.htm
146;146;10 000;12/2011;SARL unipersonnelle;1;146;53827461400014;http://www.bilansgratuits.fr/entreprise/fiche/53827461400014.htm
147;147;1 330 936;01/1955;Autre SA à conseil d'administration;4;147;55262084100015;http://www.bilansgratuits.fr/entreprise/fiche/55262084100015.htm
148;148;7 500;10/2012;Société à responsabilité limitée (sans autre indication);1;148;78858013200017;http://www.bilansgratuits.fr/entreprise/fiche/78858013200017.htm
149;149;5 000;02/2013;SARL unipersonnelle;1;149;79144060500016;http://www.bilansgratuits.fr/entreprise/fiche/79144060500016.htm
150;150;5 000;12/2013;Société à responsabilité limitée (sans autre indication);1;150;79859021200014;http://www.bilansgratuits.fr/entreprise/fiche/79859021200014.htm
151;151;8 000;03/2014;Société à responsabilité limitée (sans autre indication);1;151;80080790100015;http://www.bilansgratuits.fr/entreprise/fiche/80080790100015.htm
152;152;8 000;04/2014;Société à responsabilité limitée (sans autre indication);1;152;80167844200014;http://www.bilansgratuits.fr/entreprise/fiche/80167844200014.htm
153;153;1 200;02/2015;Société à responsabilité limitée (sans autre indication);2;153;80962784700019;http://www.bilansgratuits.fr/entreprise/fiche/80962784700019.htm
154;154;5 000;05/2015;Société à responsabilité limitée (sans autre indication);1;154;81156428500013;http://www.bilansgratuits.fr/entreprise/fiche/81156428500013.htm
155;155;800;10/2015;Société par actions simplifiée (SAS);2;155;81401005400017;http://www.bilansgratuits.fr/entreprise/fiche/81401005400017.htm
156;156;5 000;03/2006;Société à responsabilité limitée (sans autre indication);1;156;48892973800018;http://www.bilansgratuits.fr/entreprise/fiche/48892973800018.htm
157;157;7 622;11/1988;Société à responsabilité limitée (sans autre indication);1;157;34860559300014;http://www.bilansgratuits.fr/entreprise/fiche/34860559300014.htm
158;158;0.0;07/1996;Commerçant;1;158;40845066600016;http://www.bilansgratuits.fr/entreprise/fiche/40845066600016.htm
159;159;140 000;11/1998;Société à responsabilité limitée (sans autre indication);2;159;42049709100025;http://www.bilansgratuits.fr/entreprise/fiche/42049709100025.htm
160;160;10 000;12/2010;Société à responsabilité limitée (sans autre indication);1;160;52896026300028;http://www.bilansgratuits.fr/entreprise/fiche/52896026300028.htm
161;161;1 000;11/2013;Société à responsabilité limitée (sans autre indication);2;161;79935213300026;http://www.bilansgratuits.fr/entreprise/fiche/79935213300026.htm
162;162;331 350;05/2014;Société par actions simplifiée (SAS);3;162;80249302300021;http://www.bilansgratuits.fr/entreprise/fiche/80249302300021.htm
163;163;1 000;02/2015;Société par actions simplifiées associé unique ou société par actions simplifiées unipersonnelle;1;163;80994807800013;http://www.bilansgratuits.fr/entreprise/fiche/80994807800013.htm
164;164;37 000;12/2007;Société par actions simplifiée (SAS);1;164;50139693100021;http://www.bilansgratuits.fr/entreprise/fiche/50139693100021.htm
165;165;0.0;04/2008;Commerçant;1;165;50436802800016;http://www.bilansgratuits.fr/entreprise/fiche/50436802800016.htm
166;166;1 500;01/2014;Société par actions simplifiées associé unique ou société par actions simplifiées unipersonnelle;1;166;80024257000011;http://www.bilansgratuits.fr/entreprise/fiche/80024257000011.htm
167;167;0.0;11/1986;Commerçant;1;167;34154422900071;http://www.bilansgratuits.fr/entreprise/fiche/34154422900071.htm
168;168;1 000;03/2015;Société par actions simplifiées associé unique ou société par actions simplifiées unipersonnelle;1;168;81054023700015;http://www.bilansgratuits.fr/entreprise/fiche/81054023700015.htm
169;169;10 000;02/2008;Société à responsabilité limitée (sans autre indication);1;169;50270856300015;http://www.bilansgratuits.fr/entreprise/fiche/50270856300015.htm
170;170;8 000;05/2011;Société à responsabilité limitée (sans autre indication);1;170;53229366900018;http://www.bilansgratuits.fr/entreprise/fiche/53229366900018.htm
171;171;30 490;03/1997;Société à responsabilité limitée (sans autre indication);1;171;41140475900010;http://www.bilansgratuits.fr/entreprise/fiche/41140475900010.htm
172;172;1 000;01/2009;SARL unipersonnelle;1;172;51002390600017;http://www.bilansgratuits.fr/entreprise/fiche/51002390600017.htm
173;173;1 000;06/2015;Société par actions simplifiée (SAS);2;173;81196899900029;http://www.bilansgratuits.fr/entreprise/fiche/81196899900029.htm
174;174;0.0;12/2002;Commerçant;1;174;44477365900032;http://www.bilansgratuits.fr/entreprise/fiche/44477365900032.htm
175;175;0.0;09/2001;Commerçant;1;175;43901173500016;http://www.bilansgratuits.fr/entreprise/fiche/43901173500016.htm
176;176;8 000;05/2006;Société à responsabilité limitée (sans autre indication);1;176;48970272000017;http://www.bilansgratuits.fr/entreprise/fiche/48970272000017.htm
177;177;8 000;05/2014;SARL unipersonnelle;1;177;80165086200015;http://www.bilansgratuits.fr/entreprise/fiche/80165086200015.htm
178;178;8 000;04/2011;Société à responsabilité limitée (sans autre indication);2;178;53129281100019;http://www.bilansgratuits.fr/entreprise/fiche/53129281100019.htm
179;179;12 000;03/2001;Société à responsabilité limitée (sans autre indication);1;179;43502201700022;http://www.bilansgratuits.fr/entreprise/fiche/43502201700022.htm
180;180;50 000;02/2012;Société à responsabilité limitée (sans autre indication);1;180;53986010600019;http://www.bilansgratuits.fr/entreprise/fiche/53986010600019.htm
181;181;20 000;06/2012;Société à responsabilité limitée (sans autre indication);1;181;75235850700016;http://www.bilansgratuits.fr/entreprise/fiche/75235850700016.htm
182;182;1 000;04/2013;Société en nom collectif;1;182;79277219600012;http://www.bilansgratuits.fr/entreprise/fiche/79277219600012.htm
183;183;400;08/2013;Société à responsabilité limitée (sans autre indication);1;183;79522937600012;http://www.bilansgratuits.fr/entreprise/fiche/79522937600012.htm
184;184;50 000;06/2012;Société à responsabilité limitée (sans autre indication);1;184;75229388600020;http://www.bilansgratuits.fr/entreprise/fiche/75229388600020.htm
185;185;7 630;09/2002;Société à responsabilité limitée (sans autre indication);1;185;44323495000014;http://www.bilansgratuits.fr/entreprise/fiche/44323495000014.htm
186;186;0.0;11/2002;Commerçant;1;186;44428625600011;http://www.bilansgratuits.fr/entreprise/fiche/44428625600011.htm
187;187;1 424 660;07/2007;Société par actions simplifiée (SAS);1;187;49909910900013;http://www.bilansgratuits.fr/entreprise/fiche/49909910900013.htm
188;188;0.0;04/1985;Commerçant;1;188;33241328500039;http://www.bilansgratuits.fr/entreprise/fiche/33241328500039.htm
189;189;8 000;08/1989;SARL unipersonnelle;1;189;35194728800012;http://www.bilansgratuits.fr/entreprise/fiche/35194728800012.htm
190;190;355 000;02/1990;Société par actions simplifiées associé unique ou société par actions simplifiées unipersonnelle;1;190;35375392400029;http://www.bilansgratuits.fr/entreprise/fiche/35375392400029.htm
191;191;0.0;11/1991;Commerçant;1;191;38360604300032;http://www.bilansgratuits.fr/entreprise/fiche/38360604300032.htm
192;192;0.0;02/1994;Commerçant;1;192;39386209900024;http://www.bilansgratuits.fr/entreprise/fiche/39386209900024.htm
193;193;15 245;12/1998;Société à responsabilité limitée (sans autre indication);1;193;42109151300026;http://www.bilansgratuits.fr/entreprise/fiche/42109151300026.htm
194;194;0.0;06/2001;Commerçant;1;194;44056262700024;http://www.bilansgratuits.fr/entreprise/fiche/44056262700024.htm
195;195;1 000;06/2005;Société à responsabilité limitée (sans autre indication);1;195;48263161100019;http://www.bilansgratuits.fr/entreprise/fiche/48263161100019.htm
196;196;8 000;06/2005;Société à responsabilité limitée (sans autre indication);1;196;48290574200037;http://www.bilansgratuits.fr/entreprise/fiche/48290574200037.htm
197;197;8 000;06/2006;Société à responsabilité limitée (sans autre indication);1;197;49074854800016;http://www.bilansgratuits.fr/entreprise/fiche/49074854800016.htm
198;198;8 000;02/2007;Société à responsabilité limitée (sans autre indication);1;198;49464748000024;http://www.bilansgratuits.fr/entreprise/fiche/49464748000024.htm
199;199;8 000;11/2007;Société à responsabilité limitée (sans autre indication);2;199;50100397400018;http://www.bilansgratuits.fr/entreprise/fiche/50100397400018.htm
200;200;7 500;02/2008;Société à responsabilité limitée (sans autre indication);1;200;50266054100017;http://www.bilansgratuits.fr/entreprise/fiche/50266054100017.htm
201;201;0.0;02/2008;Commerçant;1;201;50269373200021;http://www.bilansgratuits.fr/entreprise/fiche/50269373200021.htm
202;202;1 000;07/2008;Société à responsabilité limitée (sans autre indication);1;202;50513907100011;http://www.bilansgratuits.fr/entreprise/fiche/50513907100011.htm
203;203;400 000;04/2009;Société à responsabilité limitée (sans autre indication);4;203;51144964700052;http://www.bilansgratuits.fr/entreprise/fiche/51144964700052.htm
204;204;0.0;06/2009;Commerçant;1;204;51243216200018;http://www.bilansgratuits.fr/entreprise/fiche/51243216200018.htm
205;205;1 000;09/2010;Société par actions simplifiées associé unique ou société par actions simplifiées unipersonnelle;1;205;52534526000026;http://www.bilansgratuits.fr/entreprise/fiche/52534526000026.htm
206;206;5 000;11/2010;Société à responsabilité limitée (sans autre indication);1;206;52859732100017;http://www.bilansgratuits.fr/entreprise/fiche/52859732100017.htm
207;207;25 000;12/2010;Société par actions simplifiée (SAS);2;207;52926136400028;http://www.bilansgratuits.fr/entreprise/fiche/52926136400028.htm
208;208;10 000;12/2010;Société à responsabilité limitée (sans autre indication);1;208;52929302900011;http://www.bilansgratuits.fr/entreprise/fiche/52929302900011.htm
209;209;0.0;04/2011;Artisan Commerçant;1;209;53118479400018;http://www.bilansgratuits.fr/entreprise/fiche/53118479400018.htm
210;210;7 500;02/2012;Société à responsabilité limitée (sans autre indication);1;210;53976778000015;http://www.bilansgratuits.fr/entreprise/fiche/53976778000015.htm
211;211;2 000;05/2012;Société à responsabilité limitée (sans autre indication);1;211;75154653200019;http://www.bilansgratuits.fr/entreprise/fiche/75154653200019.htm
212;212;5 000;01/2013;Société à responsabilité limitée (sans autre indication);1;212;79008200200011;http://www.bilansgratuits.fr/entreprise/fiche/79008200200011.htm
213;213;5 000;03/2013;Société par actions simplifiée (SAS);1;213;79154168300011;http://www.bilansgratuits.fr/entreprise/fiche/79154168300011.htm
214;214;50 000;05/2013;SARL unipersonnelle;1;214;79311179000010;http://www.bilansgratuits.fr/entreprise/fiche/79311179000010.htm
215;215;10 000;05/2013;Société par actions simplifiée (SAS);1;215;79370480000010;http://www.bilansgratuits.fr/entreprise/fiche/79370480000010.htm
216;216;10 000;03/2014;Société par actions simplifiée (SAS);1;216;80079208700010;http://www.bilansgratuits.fr/entreprise/fiche/80079208700010.htm
217;217;5 000;04/2014;Société à responsabilité limitée (sans autre indication);1;217;80142939000017;http://www.bilansgratuits.fr/entreprise/fiche/80142939000017.htm
218;218;2 000;04/2014;Société par actions simplifiée (SAS);1;218;80198635700011;http://www.bilansgratuits.fr/entreprise/fiche/80198635700011.htm
219;219;7 000;01/2014;Société par actions simplifiées associé unique ou société par actions simplifiées unipersonnelle;1;219;80281170300015;http://www.bilansgratuits.fr/entreprise/fiche/80281170300015.htm
220;220;8 000;07/2014;Société à responsabilité limitée (sans autre indication);1;220;80346036900017;http://www.bilansgratuits.fr/entreprise/fiche/80346036900017.htm
221;221;10 000;09/2014;SARL unipersonnelle;1;221;80481453100013;http://www.bilansgratuits.fr/entreprise/fiche/80481453100013.htm
222;222;5 000;10/2014;Société à responsabilité limitée (sans autre indication);1;222;80496698400010;http://www.bilansgratuits.fr/entreprise/fiche/80496698400010.htm
223;223;7 500;07/2014;Société par actions simplifiée (SAS);2;223;80887305300017;http://www.bilansgratuits.fr/entreprise/fiche/80887305300017.htm
224;224;5 000;05/2015;Société par actions simplifiée (SAS);1;224;81160773800010;http://www.bilansgratuits.fr/entreprise/fiche/81160773800010.htm
225;225;1 000;07/2014;Société à responsabilité limitée (sans autre indication);1;225;80345033700016;http://www.bilansgratuits.fr/entreprise/fiche/80345033700016.htm
226;226;100 000;07/1989;Société à responsabilité limitée (sans autre indication);1;226;35128950900017;http://www.bilansgratuits.fr/entreprise/fiche/35128950900017.htm
227;227;0.0;01/1995;(Autre) personne physique;1;227;39937663100020;http://www.bilansgratuits.fr/entreprise/fiche/39937663100020.htm
228;228;8 000;12/2001;Société à responsabilité limitée (sans autre indication);1;228;44070851900010;http://www.bilansgratuits.fr/entreprise/fiche/44070851900010.htm
229;229;5 000;01/2013;Société par actions simplifiée (SAS);1;229;79045854100014;http://www.bilansgratuits.fr/entreprise/fiche/79045854100014.htm
230;230;5 000;12/2014;Société par actions simplifiées associé unique ou société par actions simplifiées unipersonnelle;1;230;80806685600028;http://www.bilansgratuits.fr/entreprise/fiche/80806685600028.htm
231;231;5 000;08/2007;Société à responsabilité limitée (sans autre indication);1;231;49918789600018;http://www.bilansgratuits.fr/entreprise/fiche/49918789600018.htm
232;232;8 000;05/2010;Société à responsabilité limitée (sans autre indication);1;232;52276934800015;http://www.bilansgratuits.fr/entreprise/fiche/52276934800015.htm
233;233;8 000;05/2011;Société à responsabilité limitée (sans autre indication);1;233;53261308000011;http://www.bilansgratuits.fr/entreprise/fiche/53261308000011.htm
234;234;7 500;01/2014;Société par actions simplifiée (SAS);1;234;79994333700011;http://www.bilansgratuits.fr/entreprise/fiche/79994333700011.htm
235;235;8 000;03/2004;Société à responsabilité limitée (sans autre indication);1;235;45240034400019;http://www.bilansgratuits.fr/entreprise/fiche/45240034400019.htm
236;236;10 000;01/2005;Société à responsabilité limitée (sans autre indication);1;236;48141318500010;http://www.bilansgratuits.fr/entreprise/fiche/48141318500010.htm
237;237;2 000;06/2013;Société par actions simplifiée (SAS);1;237;79424528200015;http://www.bilansgratuits.fr/entreprise/fiche/79424528200015.htm
238;238;90 000;02/2007;Société à responsabilité limitée (sans autre indication);1;238;49751136000016;http://www.bilansgratuits.fr/entreprise/fiche/49751136000016.htm
239;239;8 000;01/2013;Société à responsabilité limitée (sans autre indication);1;239;79052656000012;http://www.bilansgratuits.fr/entreprise/fiche/79052656000012.htm
240;240;1 040 000;02/2013;SARL unipersonnelle;1;240;79155411600024;http://www.bilansgratuits.fr/entreprise/fiche/79155411600024.htm
241;241;15 244,9;04/1991;Société à responsabilité limitée (sans autre indication);2;241;38165073800028;http://www.bilansgratuits.fr/entreprise/fiche/38165073800028.htm
242;242;8 000;01/2006;Société à responsabilité limitée (sans autre indication);2;242;48776749300017;http://www.bilansgratuits.fr/entreprise/fiche/48776749300017.htm
243;243;10 000;04/2014;Société à responsabilité limitée (sans autre indication);1;243;80189932900024;http://www.bilansgratuits.fr/entreprise/fiche/80189932900024.htm
244;244;10 000;12/2014;SARL unipersonnelle;1;244;80850348600025;http://www.bilansgratuits.fr/entreprise/fiche/80850348600025.htm
245;245;5 000;01/2015;Société par actions simplifiée (SAS);1;245;80955108800010;http://www.bilansgratuits.fr/entreprise/fiche/80955108800010.htm
246;246;1 000;04/2015;Société à responsabilité limitée (sans autre indication);2;246;81117651000022;http://www.bilansgratuits.fr/entreprise/fiche/81117651000022.htm
247;247;32 000;10/2001;Société à responsabilité limitée (sans autre indication);1;247;43970909800024;http://www.bilansgratuits.fr/entreprise/fiche/43970909800024.htm
248;248;10 000;02/2014;Société à responsabilité limitée (sans autre indication);1;248;80045212000010;http://www.bilansgratuits.fr/entreprise/fiche/80045212000010.htm
249;249;5 000;09/2015;Société par actions simplifiées associé unique ou société par actions simplifiées unipersonnelle;1;249;81371793100014;http://www.bilansgratuits.fr/entreprise/fiche/81371793100014.htm
250;250;16 000;10/2005;Société à responsabilité limitée (sans autre indication);1;250;48469080500029;http://www.bilansgratuits.fr/entreprise/fiche/48469080500029.htm
251;251;10 000;05/2015;Société à responsabilité limitée (sans autre indication);1;251;81133136200012;http://www.bilansgratuits.fr/entreprise/fiche/81133136200012.htm
252;252;0.0;05/2012;Artisan Commerçant;1;252;75099004600013;http://www.bilansgratuits.fr/entreprise/fiche/75099004600013.htm
253;253;5 000;05/2014;Société à responsabilité limitée (sans autre indication);1;253;80424619700011;http://www.bilansgratuits.fr/entreprise/fiche/80424619700011.htm
254;254;10 000;10/2004;Société en nom collectif;1;254;47885676800013;http://www.bilansgratuits.fr/entreprise/fiche/47885676800013.htm
255;255;8 000;10/2010;Société à responsabilité limitée (sans autre indication);1;255;52788358100011;http://www.bilansgratuits.fr/entreprise/fiche/52788358100011.htm
256;256;5 000;08/2011;Société à responsabilité limitée (sans autre indication);1;256;53530207900012;http://www.bilansgratuits.fr/entreprise/fiche/53530207900012.htm
257;257;1 000;01/2004;Société à responsabilité limitée (sans autre indication);1;257;45165038600019;http://www.bilansgratuits.fr/entreprise/fiche/45165038600019.htm
258;258;540 050;07/1980;Société en nom collectif;1;258;31926605200020;http://www.bilansgratuits.fr/entreprise/fiche/31926605200020.htm
259;259;12 196;04/1982;Société à responsabilité limitée (sans autre indication);1;259;32298322200017;http://www.bilansgratuits.fr/entreprise/fiche/32298322200017.htm
260;260;0.0;10/1984;Commerçant;1;260;33082409500021;http://www.bilansgratuits.fr/entreprise/fiche/33082409500021.htm
261;261;35 860 172;06/1987;Société par actions simplifiées associé unique ou société par actions simplifiées unipersonnelle;140;261;34204352801862;http://www.bilansgratuits.fr/entreprise/fiche/34204352801862.htm
262;262;7 622,45;05/1988;Société à responsabilité limitée (sans autre indication);1;262;34505748300017;http://www.bilansgratuits.fr/entreprise/fiche/34505748300017.htm
263;263;7 622,45;11/1989;Société à responsabilité limitée (sans autre indication);1;263;35279395400012;http://www.bilansgratuits.fr/entreprise/fiche/35279395400012.htm
264;264;0.0;12/1990;Artisan Commerçant;1;264;38061837100039;http://www.bilansgratuits.fr/entreprise/fiche/38061837100039.htm
265;265;7 622,45;04/1995;SARL unipersonnelle;1;265;40069738900015;http://www.bilansgratuits.fr/entreprise/fiche/40069738900015.htm
266;266;0.0;03/1996;Commerçant;1;266;40432042600012;http://www.bilansgratuits.fr/entreprise/fiche/40432042600012.htm
267;267;532 000;11/1996;SARL unipersonnelle;2;267;41022463800040;http://www.bilansgratuits.fr/entreprise/fiche/41022463800040.htm
268;268;0.0;07/1998;Commerçant;1;268;41924455300014;http://www.bilansgratuits.fr/entreprise/fiche/41924455300014.htm
269;269;158 000;11/1998;Société par actions simplifiées associé unique ou société par actions simplifiées unipersonnelle;1;269;42103140200017;http://www.bilansgratuits.fr/entreprise/fiche/42103140200017.htm
270;270;7 623;10/1999;Société à responsabilité limitée (sans autre indication);1;270;42456235300013;http://www.bilansgratuits.fr/entreprise/fiche/42456235300013.htm
271;271;0.0;12/2000;Commerçant;1;271;43380737700026;http://www.bilansgratuits.fr/entreprise/fiche/43380737700026.htm
272;272;155 000;06/2001;Société par actions simplifiée (SAS);1;272;43822122800010;http://www.bilansgratuits.fr/entreprise/fiche/43822122800010.htm
273;273;7 700;11/2003;Société à responsabilité limitée (sans autre indication);1;273;45101963200038;http://www.bilansgratuits.fr/entreprise/fiche/45101963200038.htm
274;274;8 100;04/2007;Société à responsabilité limitée (sans autre indication);1;274;49762361100017;http://www.bilansgratuits.fr/entreprise/fiche/49762361100017.htm
275;275;1 000;06/2007;Société à responsabilité limitée (sans autre indication);1;275;49810516200024;http://www.bilansgratuits.fr/entreprise/fiche/49810516200024.htm
276;276;8 000;06/2007;Société à responsabilité limitée (sans autre indication);1;276;49854531800012;http://www.bilansgratuits.fr/entreprise/fiche/49854531800012.htm
277;277;7 500;08/2007;Société par actions simplifiée (SAS);1;277;49987861900018;http://www.bilansgratuits.fr/entreprise/fiche/49987861900018.htm
278;278;5 000;04/2008;Société à responsabilité limitée (sans autre indication);1;278;50373994800019;http://www.bilansgratuits.fr/entreprise/fiche/50373994800019.htm
279;279;10 000;03/2009;Société à responsabilité limitée (sans autre indication);1;279;51084732000015;http://www.bilansgratuits.fr/entreprise/fiche/51084732000015.htm
280;280;40 000;07/2009;SARL unipersonnelle;1;280;51345794500014;http://www.bilansgratuits.fr/entreprise/fiche/51345794500014.htm
281;281;2 000;11/2009;Société à responsabilité limitée (sans autre indication);1;281;51786691900015;http://www.bilansgratuits.fr/entreprise/fiche/51786691900015.htm
282;282;0.0;11/2009;Association déclarée;1;282;51882643300014;http://www.bilansgratuits.fr/entreprise/fiche/51882643300014.htm
283;283;0.0;03/2010;Commerçant;1;283;52095990900034;http://www.bilansgratuits.fr/entreprise/fiche/52095990900034.htm
284;284;10 000;03/2010;Société à responsabilité limitée (sans autre indication);1;284;52140200800010;http://www.bilansgratuits.fr/entreprise/fiche/52140200800010.htm
285;285;2 000;05/2010;Société à responsabilité limitée (sans autre indication);1;285;52268436400014;http://www.bilansgratuits.fr/entreprise/fiche/52268436400014.htm
286;286;0.0;02/2011;Artisan Commerçant;1;286;52940455000012;http://www.bilansgratuits.fr/entreprise/fiche/52940455000012.htm
287;287;1 000;07/2011;Société à responsabilité limitée (sans autre indication);1;287;53339275900023;http://www.bilansgratuits.fr/entreprise/fiche/53339275900023.htm
288;288;5 000;11/2011;Société à responsabilité limitée (sans autre indication);1;288;53770423100019;http://www.bilansgratuits.fr/entreprise/fiche/53770423100019.htm
289;289;2 000;10/2012;Société à responsabilité limitée (sans autre indication);1;289;78922408600015;http://www.bilansgratuits.fr/entreprise/fiche/78922408600015.htm
290;290;1 000;10/2012;Société en nom collectif;3;290;78947877300029;http://www.bilansgratuits.fr/entreprise/fiche/78947877300029.htm
291;291;1 000;11/2012;SARL unipersonnelle;3;291;79103931600033;http://www.bilansgratuits.fr/entreprise/fiche/79103931600033.htm
292;292;2 000;03/2013;Société à responsabilité limitée (sans autre indication);1;292;79178284000023;http://www.bilansgratuits.fr/entreprise/fiche/79178284000023.htm
293;293;5 000;12/2013;Société à responsabilité limitée (sans autre indication);1;293;79916685500012;http://www.bilansgratuits.fr/entreprise/fiche/79916685500012.htm
294;294;0.0;01/2014;Commerçant;1;294;80011315100016;http://www.bilansgratuits.fr/entreprise/fiche/80011315100016.htm
295;295;15 000;10/2014;Société à responsabilité limitée (sans autre indication);1;295;80753820200019;http://www.bilansgratuits.fr/entreprise/fiche/80753820200019.htm
296;296;0.0;01/2015;Commerçant;1;296;80874183900019;http://www.bilansgratuits.fr/entreprise/fiche/80874183900019.htm
297;297;10 000;01/2015;SARL unipersonnelle;1;297;80898865300016;http://www.bilansgratuits.fr/entreprise/fiche/80898865300016.htm
298;298;5 000;03/2015;SARL unipersonnelle;1;298;81019552900013;http://www.bilansgratuits.fr/entreprise/fiche/81019552900013.htm
299;299;7 500;03/2015;SARL unipersonnelle;1;299;81045501400011;http://www.bilansgratuits.fr/entreprise/fiche/81045501400011.htm
300;300;3 000;04/2015;Société à responsabilité limitée (sans autre indication);1;300;81079277000010;http://www.bilansgratuits.fr/entreprise/fiche/81079277000010.htm
301;301;10 000;06/2015;Société par actions simplifiée (SAS);1;301;81209433200010;http://www.bilansgratuits.fr/entreprise/fiche/81209433200010.htm
302;302;15 000;06/2015;Société par actions simplifiée (SAS);1;302;81222009300015;http://www.bilansgratuits.fr/entreprise/fiche/81222009300015.htm
303;303;5 000;02/2011;Société à responsabilité limitée (sans autre indication);1;303;53153658900017;http://www.bilansgratuits.fr/entreprise/fiche/53153658900017.htm
304;304;7 622;07/2001;Société à responsabilité limitée (sans autre indication);1;304;43866265200025;http://www.bilansgratuits.fr/entreprise/fiche/43866265200025.htm
305;305;258 000;03/2007;Société à responsabilité limitée (sans autre indication);1;305;49500712200015;http://www.bilansgratuits.fr/entreprise/fiche/49500712200015.htm
306;306;1 000;10/2011;Société à responsabilité limitée (sans autre indication);1;306;53471084300010;http://www.bilansgratuits.fr/entreprise/fiche/53471084300010.htm
307;307;8 000;01/2005;Société à responsabilité limitée (sans autre indication);1;307;48045403200016;http://www.bilansgratuits.fr/entreprise/fiche/48045403200016.htm
308;308;3 250;10/2005;Société à responsabilité limitée (sans autre indication);1;308;48461399700028;http://www.bilansgratuits.fr/entreprise/fiche/48461399700028.htm
309;309;10 976,33;01/1958;Société à responsabilité limitée (sans autre indication);1;309;58210554000014;http://www.bilansgratuits.fr/entreprise/fiche/58210554000014.htm
310;310;0.0;01/1999;Commerçant;1;310;42140501000016;http://www.bilansgratuits.fr/entreprise/fiche/42140501000016.htm
311;311;8 000;02/2005;Société à responsabilité limitée (sans autre indication);1;311;48153631600013;http://www.bilansgratuits.fr/entreprise/fiche/48153631600013.htm
312;312;7 700;04/2010;Société à responsabilité limitée (sans autre indication);1;312;52243032100011;http://www.bilansgratuits.fr/entreprise/fiche/52243032100011.htm
313;313;8 000;08/2003;Société à responsabilité limitée (sans autre indication);1;313;44975521400011;http://www.bilansgratuits.fr/entreprise/fiche/44975521400011.htm
314;314;16 981,2;07/2011;Société par actions simplifiée (SAS);2;314;53363628800029;http://www.bilansgratuits.fr/entreprise/fiche/53363628800029.htm
315;315;7 622;03/1989;Société à responsabilité limitée (sans autre indication);1;315;35055588400013;http://www.bilansgratuits.fr/entreprise/fiche/35055588400013.htm
316;316;8 000;08/2004;Société à responsabilité limitée (sans autre indication);1;316;47829543900028;http://www.bilansgratuits.fr/entreprise/fiche/47829543900028.htm
317;317;10 000;01/2012;SARL unipersonnelle;1;317;53956371800011;http://www.bilansgratuits.fr/entreprise/fiche/53956371800011.htm
318;318;7 622,45;01/1957;Société à responsabilité limitée (sans autre indication);1;318;57206272700019;http://www.bilansgratuits.fr/entreprise/fiche/57206272700019.htm
319;319;26 000;09/2014;Société à responsabilité limitée (sans autre indication);1;319;80470070600018;http://www.bilansgratuits.fr/entreprise/fiche/80470070600018.htm
320;320;3 000;12/2014;Société par actions simplifiées associé unique ou société par actions simplifiées unipersonnelle;1;320;80860263500019;http://www.bilansgratuits.fr/entreprise/fiche/80860263500019.htm
321;321;1 000;10/2015;Société à responsabilité limitée (sans autre indication);1;321;81420361800016;http://www.bilansgratuits.fr/entreprise/fiche/81420361800016.htm
322;322;8 000;05/2007;Société à responsabilité limitée (sans autre indication);1;322;49764659600013;http://www.bilansgratuits.fr/entreprise/fiche/49764659600013.htm
323;323;1 000;12/2012;Société à responsabilité limitée (sans autre indication);1;323;78999130400013;http://www.bilansgratuits.fr/entreprise/fiche/78999130400013.htm
324;324;1 000;06/2014;Société à responsabilité limitée (sans autre indication);1;324;80347702500016;http://www.bilansgratuits.fr/entreprise/fiche/80347702500016.htm
325;325;40 000;10/1992;Société par actions simplifiée (SAS);1;325;38856381900019;http://www.bilansgratuits.fr/entreprise/fiche/38856381900019.htm
326;326;7 622;04/1993;SARL unipersonnelle;1;326;39098201500021;http://www.bilansgratuits.fr/entreprise/fiche/39098201500021.htm
327;327;0.0;08/2012;Commerçant;1;327;75337027900014;http://www.bilansgratuits.fr/entreprise/fiche/75337027900014.htm
328;328;8 000;01/2014;Société à responsabilité limitée (sans autre indication);1;328;79982481800014;http://www.bilansgratuits.fr/entreprise/fiche/79982481800014.htm
329;329;7 700;01/2002;Société à responsabilité limitée (sans autre indication);1;329;44036384400018;http://www.bilansgratuits.fr/entreprise/fiche/44036384400018.htm
330;330;8 000;03/2004;Société à responsabilité limitée (sans autre indication);1;330;45225606800019;http://www.bilansgratuits.fr/entreprise/fiche/45225606800019.htm
331;331;23 000;07/2005;Société à responsabilité limitée (sans autre indication);1;331;48332516300010;http://www.bilansgratuits.fr/entreprise/fiche/48332516300010.htm
332;332;1 000;06/2013;Société à responsabilité limitée (sans autre indication);1;332;79396113700015;http://www.bilansgratuits.fr/entreprise/fiche/79396113700015.htm
333;333;4 000;02/2014;Société à responsabilité limitée (sans autre indication);1;333;80025150600013;http://www.bilansgratuits.fr/entreprise/fiche/80025150600013.htm
334;334;7 622,45;03/1988;Société à responsabilité limitée (sans autre indication);1;334;34447546200018;http://www.bilansgratuits.fr/entreprise/fiche/34447546200018.htm
335;335;3 000;01/2008;Société à responsabilité limitée (sans autre indication);1;335;50229048900017;http://www.bilansgratuits.fr/entreprise/fiche/50229048900017.htm
336;336;8 000;05/2013;Société par actions simplifiée (SAS);1;336;79320871100010;http://www.bilansgratuits.fr/entreprise/fiche/79320871100010.htm
337;337;0.0;07/1982;Commerçant;1;337;32502996500028;http://www.bilansgratuits.fr/entreprise/fiche/32502996500028.htm
338;338;0.0;09/1982;(Autre) personne physique;1;338;32522008500022;http://www.bilansgratuits.fr/entreprise/fiche/32522008500022.htm
339;339;38 716,61;02/1988;Société à responsabilité limitée (sans autre indication);1;339;34396094400019;http://www.bilansgratuits.fr/entreprise/fiche/34396094400019.htm
340;340;87 750;01/1990;Société par actions simplifiée (SAS);1;340;37769661200029;http://www.bilansgratuits.fr/entreprise/fiche/37769661200029.htm
341;341;7 800;09/1994;Société à responsabilité limitée (sans autre indication);1;341;39839862800014;http://www.bilansgratuits.fr/entreprise/fiche/39839862800014.htm
342;342;73 500;01/1995;Société à responsabilité limitée (sans autre indication);1;342;39974407700039;http://www.bilansgratuits.fr/entreprise/fiche/39974407700039.htm
343;343;7 622,45;03/1995;Société à responsabilité limitée (sans autre indication);1;343;40043755400027;http://www.bilansgratuits.fr/entreprise/fiche/40043755400027.htm
344;344;0.0;05/1999;Commerçant;1;344;42368986800010;http://www.bilansgratuits.fr/entreprise/fiche/42368986800010.htm
345;345;0.0;04/2000;Commerçant;1;345;43160068300012;http://www.bilansgratuits.fr/entreprise/fiche/43160068300012.htm
346;346;304 898,03;01/2000;Société à responsabilité limitée (sans autre indication);1;346;43245816400014;http://www.bilansgratuits.fr/entreprise/fiche/43245816400014.htm
347;347;0.0;05/2001;Commerçant;1;347;43757464300015;http://www.bilansgratuits.fr/entreprise/fiche/43757464300015.htm
348;348;50 310;07/2001;Société à responsabilité limitée (sans autre indication);1;348;43880867700019;http://www.bilansgratuits.fr/entreprise/fiche/43880867700019.htm
349;349;0.0;08/2001;Commerçant;1;349;43944096700024;http://www.bilansgratuits.fr/entreprise/fiche/43944096700024.htm
350;350;7 500;03/2002;Société à responsabilité limitée (sans autre indication);1;350;44116704600016;http://www.bilansgratuits.fr/entreprise/fiche/44116704600016.htm
351;351;7 500;06/2003;Société à responsabilité limitée (sans autre indication);1;351;44941717900016;http://www.bilansgratuits.fr/entreprise/fiche/44941717900016.htm
352;352;7 500;12/2003;Société à responsabilité limitée (sans autre indication);1;352;45100565600017;http://www.bilansgratuits.fr/entreprise/fiche/45100565600017.htm
353;353;300 000;08/2004;Société par actions simplifiée (SAS);212;353;47845579301972;http://www.bilansgratuits.fr/entreprise/fiche/47845579301972.htm
354;354;990;05/2006;Société à responsabilité limitée (sans autre indication);1;354;49045091300010;http://www.bilansgratuits.fr/entreprise/fiche/49045091300010.htm
355;355;8 000;04/2007;Société à responsabilité limitée (sans autre indication);1;355;49774109000011;http://www.bilansgratuits.fr/entreprise/fiche/49774109000011.htm
356;356;75 000;11/2009;SARL unipersonnelle;1;356;51789439000015;http://www.bilansgratuits.fr/entreprise/fiche/51789439000015.htm
357;357;7 500;12/2009;Société à responsabilité limitée (sans autre indication);1;357;51871777200025;http://www.bilansgratuits.fr/entreprise/fiche/51871777200025.htm
358;358;0.0;03/2010;Commerçant;1;358;52165391500012;http://www.bilansgratuits.fr/entreprise/fiche/52165391500012.htm
359;359;0.0;10/2010;Commerçant;1;359;52493013800028;http://www.bilansgratuits.fr/entreprise/fiche/52493013800028.htm
360;360;1 000;04/2011;Société à responsabilité limitée (sans autre indication);1;360;53141711100022;http://www.bilansgratuits.fr/entreprise/fiche/53141711100022.htm
361;361;10 000;11/2011;Société à responsabilité limitée (sans autre indication);1;361;53820327400013;http://www.bilansgratuits.fr/entreprise/fiche/53820327400013.htm
362;362;6 000;03/2012;SARL unipersonnelle;2;362;75003618800035;http://www.bilansgratuits.fr/entreprise/fiche/75003618800035.htm
363;363;1 080;04/2012;SARL unipersonnelle;1;363;75118866500010;http://www.bilansgratuits.fr/entreprise/fiche/75118866500010.htm
364;364;1 010 000;06/2012;Société par actions simplifiées associé unique ou société par actions simplifiées unipersonnelle;1;364;75195111200026;http://www.bilansgratuits.fr/entreprise/fiche/75195111200026.htm
365;365;4 000;06/2012;SARL unipersonnelle;1;365;75238507000012;http://www.bilansgratuits.fr/entreprise/fiche/75238507000012.htm
366;366;0.0;05/1952;Association déclarée reconnue d'utilité publique;1802;366;77567227219843;http://www.bilansgratuits.fr/entreprise/fiche/77567227219843.htm
367;367;10 000;02/2013;Société à responsabilité limitée (sans autre indication);1;367;79143491300012;http://www.bilansgratuits.fr/entreprise/fiche/79143491300012.htm
368;368;1 000;02/2013;Société à responsabilité limitée (sans autre indication);1;368;79184927600013;http://www.bilansgratuits.fr/entreprise/fiche/79184927600013.htm
369;369;10 000;09/2014;Société par actions simplifiée (SAS);1;369;80448544900024;http://www.bilansgratuits.fr/entreprise/fiche/80448544900024.htm
370;370;0.0;12/2014;Commerçant;1;370;80822378800023;http://www.bilansgratuits.fr/entreprise/fiche/80822378800023.htm
371;371;3 000;12/2014;Société par actions simplifiée (SAS);1;371;80836484800016;http://www.bilansgratuits.fr/entreprise/fiche/80836484800016.htm
372;372;1 000;01/2015;SARL unipersonnelle;2;372;80851950800010;http://www.bilansgratuits.fr/entreprise/fiche/80851950800010.htm
373;373;1 000;02/2015;Société à responsabilité limitée (sans autre indication);1;373;81018481200016;http://www.bilansgratuits.fr/entreprise/fiche/81018481200016.htm
374;374;1 000;01/2015;Société par actions simplifiées associé unique ou société par actions simplifiées unipersonnelle;1;374;81043095900017;http://www.bilansgratuits.fr/entreprise/fiche/81043095900017.htm
375;375;20 000;04/2015;Société par actions simplifiée (SAS);1;375;81091309500016;http://www.bilansgratuits.fr/entreprise/fiche/81091309500016.htm
376;376;0.0;07/2015;Commerçant;1;376;81231592700010;http://www.bilansgratuits.fr/entreprise/fiche/81231592700010.htm
